fold,kernel_type,kernel_params,Nw,rho,tol,eps,smoothing,n_splits,theta_std,lr,lambda,patience,SEED,learning_rate,nll_train,nll_val,nll_test,acc_train,acc_val,acc_test
1,gaussian,"{'sigma': 5, 'lengthscale': 3.6}",20000,1000,1e-09,1e-09,0.01,9,0.001,0.01,1e-10,10,42,0.01,0.41779561657252184,0.5255778298449161,0.4684511725582294,0.8388338192419825,0.789179104477612,0.816231343283582
2,gaussian,"{'sigma': 5, 'lengthscale': 3.6}",20000,1000,1e-09,1e-09,0.01,9,0.001,0.01,1e-10,10,42,0.01,0.4178277605685131,0.5224184634080574,0.476534715339319,0.8375510204081633,0.7807835820895522,0.8069029850746269
3,gaussian,"{'sigma': 5, 'lengthscale': 3.6}",20000,1000,1e-09,1e-09,0.01,9,0.001,0.01,1e-10,10,42,0.01,0.4159255990342566,0.5337967374431554,0.47069745988988165,0.840932944606414,0.7807835820895522,0.8115671641791045
4,gaussian,"{'sigma': 5, 'lengthscale': 3.6}",20000,1000,1e-09,1e-09,0.01,9,0.001,0.01,1e-10,10,42,0.01,0.4169140055575802,0.5083729758191464,0.4631669912765275,0.8389504373177843,0.7985074626865671,0.8106343283582089
5,gaussian,"{'sigma': 5, 'lengthscale': 3.6}",20000,1000,1e-09,1e-09,0.01,9,0.001,0.01,1e-10,10,42,0.01,0.41550937841654517,0.5377544004525712,0.44953611003818794,0.8394169096209912,0.7845149253731343,0.8171641791044776
6,gaussian,"{'sigma': 5, 'lengthscale': 3.6}",20000,1000,1e-09,1e-09,0.01,9,0.001,0.01,1e-10,10,42,0.01,0.41721050473760934,0.5402918004277927,0.4557109377277431,0.8380174927113703,0.7677238805970149,0.8180970149253731
7,gaussian,"{'sigma': 5, 'lengthscale': 3.6}",20000,1000,1e-09,1e-09,0.01,9,0.001,0.01,1e-10,10,42,0.01,0.4168231823979592,0.5462915790614797,0.4740192356394298,0.8401166180758017,0.7686567164179104,0.8031716417910447
8,gaussian,"{'sigma': 5, 'lengthscale': 3.6}",20000,1000,1e-09,1e-09,0.01,9,0.001,0.01,1e-10,10,42,0.01,0.4191194993622449,0.5035719230993471,0.4544467071988689,0.8403498542274053,0.7854477611940298,0.8152985074626866
9,gaussian,"{'sigma': 5, 'lengthscale': 3.6}",20000,1000,1e-09,1e-09,0.01,9,0.001,0.01,1e-10,10,42,0.01,0.4145393371582031,0.5318113410728875,0.4490508463845324,0.8388526119402985,0.7927170868347339,0.8180970149253731
