fold,kernel_type,kernel_params,Nw,rho,tol,eps,smoothing,n_splits,theta_std,lr,lambda,patience,SEED,learning_rate,nll_train,nll_val,nll_test,acc_train,acc_val,acc_test
1,gaussian,"{'sigma': 5, 'lengthscale': 3.6}",20000,1000,1e-09,1e-09,0.01,9,0.001,0.01,1e-10,10,42,0.01,0.41958972986516035,0.5233041564030434,0.4710884663596082,0.8390670553935861,0.7882462686567164,0.8097014925373134
2,gaussian,"{'sigma': 5, 'lengthscale': 3.6}",20000,1000,1e-09,1e-09,0.01,9,0.001,0.01,1e-10,10,42,0.01,0.41691938661625366,0.5239453671583488,0.47380276580355063,0.8379008746355685,0.7789179104477612,0.8050373134328358
3,gaussian,"{'sigma': 5, 'lengthscale': 3.6}",20000,1000,1e-09,1e-09,0.01,9,0.001,0.01,1e-10,10,42,0.01,0.417035150555758,0.5349934136689599,0.46139048106634795,0.8403498542274053,0.7845149253731343,0.8059701492537313
4,gaussian,"{'sigma': 5, 'lengthscale': 3.6}",20000,1000,1e-09,1e-09,0.01,9,0.001,0.01,1e-10,10,42,0.01,0.41774604819606415,0.5155156833022388,0.4628430266878498,0.8388338192419825,0.7985074626865671,0.8106343283582089
5,gaussian,"{'sigma': 5, 'lengthscale': 3.6}",20000,1000,1e-09,1e-09,0.01,9,0.001,0.01,1e-10,10,42,0.01,0.4147788925838192,0.5315790318731052,0.45151656421262826,0.8388338192419825,0.7854477611940298,0.8125
6,gaussian,"{'sigma': 5, 'lengthscale': 3.6}",20000,1000,1e-09,1e-09,0.01,9,0.001,0.01,1e-10,10,42,0.01,0.4168704161352041,0.5448179672013468,0.4562601117945429,0.8393002915451895,0.7686567164179104,0.8152985074626866
7,gaussian,"{'sigma': 5, 'lengthscale': 3.6}",20000,1000,1e-09,1e-09,0.01,9,0.001,0.01,1e-10,10,42,0.01,0.41463667889030614,0.543351244570604,0.47075206130298214,0.8431486880466472,0.7658582089552238,0.8041044776119403
8,gaussian,"{'sigma': 5, 'lengthscale': 3.6}",20000,1000,1e-09,1e-09,0.01,9,0.001,0.01,1e-10,10,42,0.01,0.41844843294460643,0.5003942233413013,0.457036658899108,0.8387172011661808,0.7854477611940298,0.8171641791044776
9,gaussian,"{'sigma': 5, 'lengthscale': 3.6}",20000,1000,1e-09,1e-09,0.01,9,0.001,0.01,1e-10,10,42,0.01,0.41589067943060576,0.5324963481486344,0.44830894470214844,0.839902052238806,0.7908496732026143,0.8218283582089553
